id,nome
401,Webinar
402,Simpósio
403,Fórum
404,Encontro
405,Expo
406,Encontro
407,Webinar
408,Encontro
409,Seminário
410,Simpósio
411,Feira
412,Workshop
413,Encontro
414,Fórum
415,Simpósio
416,Feira
417,Fórum
418,Workshop
419,Webinar
420,Seminário
421,Webinar
422,Fórum
423,Cúpula
424,Webinar
425,Fórum
426,Encontro
427,Encontro
428,Expo
429,Expo
430,Simpósio
431,Workshop
432,Simpósio
433,Fórum
434,Conferência
435,Conferência
436,Simpósio
437,Feira
438,Conferência
439,Workshop
440,Encontro
441,Conferência
442,Conferência
443,Webinar
444,Expo
445,Conferência
446,Fórum
447,Conferência
448,Feira
449,Encontro
450,Seminário
451,Feira
452,Conferência
453,Encontro
454,Conferência
455,Expo
456,Expo
457,Feira
458,Webinar
459,Workshop
460,Conferência
461,Webinar
462,Simpósio
463,Encontro
464,Seminário
465,Seminário
466,Cúpula
467,Fórum
468,Workshop
469,Encontro
470,Feira
471,Simpósio
472,Feira
473,Cúpula
474,Expo
475,Webinar
476,Expo
477,Webinar
478,Cúpula
479,Seminário
480,Conferência
481,Fórum
482,Fórum
483,Conferência
484,Simpósio
485,Expo
486,Workshop
487,Seminário
488,Workshop
489,Conferência
490,Expo
491,Workshop
492,Encontro
493,Conferência
494,Feira
495,Feira
496,Simpósio
497,Cúpula
498,Fórum
499,Simpósio
500,Conferência
